{
    "======================== INFO =======================": " ",
    "project_name": "Project Name",
    "project_slug": "{{ cookiecutter.project_name.lower()|replace(' ', '_')|replace('-', '_') }}",
    "domain": "{{ cookiecutter.project_slug }}.com",
    "description": "Short description",

    "author": "Your Name",
    "email": "admin@{{ cookiecutter.domain }}",

    "====================== GENERAL ======================": " ",
    "api": ["REST", "GraphQL"],
    "backups": "y",

    "==================== INTEGRATIONS ===================": " ",
    "use_sentry": "y",
    "use_mailhog": "y",
    "analytics": ["Google Analytics", "Yandex Metrika", "None"]
}
